<application>
  <component name="libraryTable">
    <library name="groovy-2.4.17">
      <CLASSES>
        <root url="jar://C:/Program Files/Groovy/groovy-2.4.17/lib/ant-1.9.4.jar!/" />
        <root url="jar://C:/Program Files/Groovy/groovy-2.4.17/lib/ant-antlr-1.9.4.jar!/" />
        <root url="jar://C:/Program Files/Groovy/groovy-2.4.17/lib/ant-junit-1.9.4.jar!/" />
        <root url="jar://C:/Program Files/Groovy/groovy-2.4.17/lib/ant-launcher-1.9.4.jar!/" />
        <root url="jar://C:/Program Files/Groovy/groovy-2.4.17/lib/bsf-2.4.0.jar!/" />
        <root url="jar://C:/Program Files/Groovy/groovy-2.4.17/lib/commons-cli-1.2.jar!/" />
        <root url="jar://C:/Program Files/Groovy/groovy-2.4.17/lib/commons-logging-1.2.jar!/" />
        <root url="jar://C:/Program Files/Groovy/groovy-2.4.17/lib/gpars-1.2.1.jar!/" />
        <root url="jar://C:/Program Files/Groovy/groovy-2.4.17/lib/groovy-2.4.17.jar!/" />
        <root url="jar://C:/Program Files/Groovy/groovy-2.4.17/lib/groovy-ant-2.4.17.jar!/" />
        <root url="jar://C:/Program Files/Groovy/groovy-2.4.17/lib/groovy-bsf-2.4.17.jar!/" />
        <root url="jar://C:/Program Files/Groovy/groovy-2.4.17/lib/groovy-console-2.4.17.jar!/" />
        <root url="jar://C:/Program Files/Groovy/groovy-2.4.17/lib/groovy-docgenerator-2.4.17.jar!/" />
        <root url="jar://C:/Program Files/Groovy/groovy-2.4.17/lib/groovy-groovydoc-2.4.17.jar!/" />
        <root url="jar://C:/Program Files/Groovy/groovy-2.4.17/lib/groovy-groovysh-2.4.17.jar!/" />
        <root url="jar://C:/Program Files/Groovy/groovy-2.4.17/lib/groovy-jmx-2.4.17.jar!/" />
        <root url="jar://C:/Program Files/Groovy/groovy-2.4.17/lib/groovy-json-2.4.17.jar!/" />
        <root url="jar://C:/Program Files/Groovy/groovy-2.4.17/lib/groovy-jsr223-2.4.17.jar!/" />
        <root url="jar://C:/Program Files/Groovy/groovy-2.4.17/lib/groovy-nio-2.4.17.jar!/" />
        <root url="jar://C:/Program Files/Groovy/groovy-2.4.17/lib/groovy-servlet-2.4.17.jar!/" />
        <root url="jar://C:/Program Files/Groovy/groovy-2.4.17/lib/groovy-sql-2.4.17.jar!/" />
        <root url="jar://C:/Program Files/Groovy/groovy-2.4.17/lib/groovy-swing-2.4.17.jar!/" />
        <root url="jar://C:/Program Files/Groovy/groovy-2.4.17/lib/groovy-templates-2.4.17.jar!/" />
        <root url="jar://C:/Program Files/Groovy/groovy-2.4.17/lib/groovy-test-2.4.17.jar!/" />
        <root url="jar://C:/Program Files/Groovy/groovy-2.4.17/lib/groovy-testng-2.4.17.jar!/" />
        <root url="jar://C:/Program Files/Groovy/groovy-2.4.17/lib/groovy-xml-2.4.17.jar!/" />
        <root url="jar://C:/Program Files/Groovy/groovy-2.4.17/lib/hamcrest-core-1.3.jar!/" />
        <root url="jar://C:/Program Files/Groovy/groovy-2.4.17/lib/ivy-2.4.0.jar!/" />
        <root url="jar://C:/Program Files/Groovy/groovy-2.4.17/lib/jansi-1.11.jar!/" />
        <root url="jar://C:/Program Files/Groovy/groovy-2.4.17/lib/jcommander-1.47.jar!/" />
        <root url="jar://C:/Program Files/Groovy/groovy-2.4.17/lib/jline-2.12.jar!/" />
        <root url="jar://C:/Program Files/Groovy/groovy-2.4.17/lib/jsp-api-2.0.jar!/" />
        <root url="jar://C:/Program Files/Groovy/groovy-2.4.17/lib/jsr166y-1.7.0.jar!/" />
        <root url="jar://C:/Program Files/Groovy/groovy-2.4.17/lib/junit-4.12.jar!/" />
        <root url="jar://C:/Program Files/Groovy/groovy-2.4.17/lib/multiverse-core-0.7.0.jar!/" />
        <root url="jar://C:/Program Files/Groovy/groovy-2.4.17/lib/qdox-1.12.1.jar!/" />
        <root url="jar://C:/Program Files/Groovy/groovy-2.4.17/lib/servlet-api-2.4.jar!/" />
        <root url="jar://C:/Program Files/Groovy/groovy-2.4.17/lib/testng-6.8.13.jar!/" />
        <root url="jar://C:/Program Files/Groovy/groovy-2.4.17/lib/xmlpull-1.1.3.1.jar!/" />
        <root url="jar://C:/Program Files/Groovy/groovy-2.4.17/lib/xstream-1.4.10.jar!/" />
      </CLASSES>
      <JAVADOC />
      <SOURCES>
        <root url="jar://$USER_HOME$/.ideaLibSources/groovy-2.4.17-sources.jar!/" />
      </SOURCES>
    </library>
  </component>
</application>